FileName,Type,Group,Instance,TGIType,TGISubtype,Message
BSC MEGA Props - CAL vol01 v2, 0x6534284A,0x096E6817,0xC137E000,EXMP,EXEMPLAR,missing property: ExemplarType
BSC MEGA Props - JENX Vol03, 0x6534284A,0x096E6739,0x10240000,EXMP,EXEMPLAR,missing property: ExemplarType
BSC MEGA Props - JENX Vol03, 0x6534284A,0x096E6739,0x10240010,EXMP,EXEMPLAR,missing property: ExemplarType
BSC MEGA Props - JENX Vol03, 0x6534284A,0x096E6739,0x10240020,EXMP,EXEMPLAR,missing property: ExemplarType
BSC MEGA Props - Misc Vol02 v3, 0x6534284A,0x096E6739,0xC35CEF01,EXMP,EXEMPLAR,missing property: ExemplarType
BSC MEGA Props - RT Vol03, 0x6534284A,0x096E6739,0xB2350009,EXMP,EXEMPLAR,missing property: ExemplarType
BSC MEGA Props - SG Vol01_v2, 0x6534284A,0x096E6739,0xC35CEF01,EXMP,EXEMPLAR,missing property: ExemplarType
CSX MEGA Props - Vol06_v2, 0x6534284A,0x67BDDF0C,0xCF080000,EXMP,EXEMPLAR,missing property: ExemplarType
davide prop v1, 0x6534284A,0x07BDDF1C,0x2E1B2045,EXMP,EXEMPLAR,missing property: ExemplarType
European cars automata and family props new instances, 0x6534284A,0x096E6739,0xEAEAFF32,EXMP,EXEMPLAR,missing property: ExemplarType
European cars automata and family props new instances, 0x6534284A,0x096E6739,0xEAEAFF33,EXMP,EXEMPLAR,missing property: ExemplarType
European cars automata and family props new instances, 0x6534284A,0x096E6739,0xEAEAFF47,EXMP,EXEMPLAR,missing property: ExemplarType
European cars automata and family props new instances, 0x6534284A,0x096E6739,0xEAEAFF48,EXMP,EXEMPLAR,missing property: ExemplarType
European cars automata and family props new instances, 0x6534284A,0x096E6739,0xEAEAFF49,EXMP,EXEMPLAR,missing property: ExemplarType
European cars automata and family props new instances, 0x6534284A,0x096E6739,0xEAEAFF4A,EXMP,EXEMPLAR,missing property: ExemplarType
European cars automata and family props new instances, 0x6534284A,0x096E6739,0xEAEAFF4B,EXMP,EXEMPLAR,missing property: ExemplarType
European cars automata and family props new instances, 0x6534284A,0x096E6739,0xEAEAFF44,EXMP,EXEMPLAR,missing property: ExemplarType
European cars automata and family props new instances, 0x6534284A,0x096E6739,0xEAEAFF45,EXMP,EXEMPLAR,missing property: ExemplarType
European cars automata and family props new instances, 0x6534284A,0x096E6739,0xEAEAFF46,EXMP,EXEMPLAR,missing property: ExemplarType
European cars automata and family props new instances, 0x6534284A,0x096E6739,0xEAEAFF2E,EXMP,EXEMPLAR,missing property: ExemplarType
European cars automata and family props new instances, 0x6534284A,0x096E6739,0xEAEAFF2D,EXMP,EXEMPLAR,missing property: ExemplarType
European cars automata and family props new instances, 0x6534284A,0x096E6739,0xEAEAFF2F,EXMP,EXEMPLAR,missing property: ExemplarType
European cars automata and family props new instances, 0x6534284A,0x096E6739,0xEAEAFF30,EXMP,EXEMPLAR,missing property: ExemplarType
European cars automata and family props new instances, 0x6534284A,0x096E6739,0xEAEAFF31,EXMP,EXEMPLAR,missing property: ExemplarType
European cars automata and family props new instances, 0x6534284A,0x096E6739,0xEAEAFF37,EXMP,EXEMPLAR,missing property: ExemplarType
European cars automata and family props new instances, 0x6534284A,0x096E6739,0xEAEAFF38,EXMP,EXEMPLAR,missing property: ExemplarType
European cars automata and family props new instances, 0x6534284A,0x096E6739,0xEAEAFF39,EXMP,EXEMPLAR,missing property: ExemplarType
European cars automata and family props new instances, 0x6534284A,0x096E6739,0xEAEAFF3A,EXMP,EXEMPLAR,missing property: ExemplarType
European cars automata and family props new instances, 0x6534284A,0x096E6739,0xEAEAFF3B,EXMP,EXEMPLAR,missing property: ExemplarType
European cars automata and family props new instances, 0x6534284A,0x096E6739,0xEAEAFF06,EXMP,EXEMPLAR,missing property: ExemplarType
European cars automata and family props new instances, 0x6534284A,0x096E6739,0xEAEAFF07,EXMP,EXEMPLAR,missing property: ExemplarType
European cars automata and family props new instances, 0x6534284A,0x096E6739,0xEAEAFF08,EXMP,EXEMPLAR,missing property: ExemplarType
European cars automata and family props new instances, 0x6534284A,0x096E6739,0xEAEAFF09,EXMP,EXEMPLAR,missing property: ExemplarType
European cars automata and family props new instances, 0x6534284A,0x096E6739,0xEAEAFF0A,EXMP,EXEMPLAR,missing property: ExemplarType
European cars automata and family props new instances, 0x6534284A,0x096E6739,0xEAEAFF1E,EXMP,EXEMPLAR,missing property: ExemplarType
European cars automata and family props new instances, 0x6534284A,0x096E6739,0xEAEAFF1A,EXMP,EXEMPLAR,missing property: ExemplarType
European cars automata and family props new instances, 0x6534284A,0x096E6739,0xEAEAFF1B,EXMP,EXEMPLAR,missing property: ExemplarType
European cars automata and family props new instances, 0x6534284A,0x096E6739,0xEAEAFF1C,EXMP,EXEMPLAR,missing property: ExemplarType
European cars automata and family props new instances, 0x6534284A,0x096E6739,0xEAEAFF1D,EXMP,EXEMPLAR,missing property: ExemplarType
European cars automata and family props new instances, 0x6534284A,0x096E6739,0xEAEAFF02,EXMP,EXEMPLAR,missing property: ExemplarType
European cars automata and family props new instances, 0x6534284A,0x096E6739,0xEAEAFF03,EXMP,EXEMPLAR,missing property: ExemplarType
European cars automata and family props new instances, 0x6534284A,0x096E6739,0xEAEAFF04,EXMP,EXEMPLAR,missing property: ExemplarType
European cars automata and family props new instances, 0x6534284A,0x096E6739,0xEAEAFF05,EXMP,EXEMPLAR,missing property: ExemplarType
European cars automata and family props new instances, 0x6534284A,0x096E6739,0xEAEAFF01,EXMP,EXEMPLAR,missing property: ExemplarType
European cars automata and family props new instances, 0x6534284A,0x096E6739,0xEAEAFF6A,EXMP,EXEMPLAR,missing property: ExemplarType
European cars automata and family props new instances, 0x6534284A,0x096E6739,0xEAEAFF6C,EXMP,EXEMPLAR,missing property: ExemplarType
European cars automata and family props new instances, 0x6534284A,0x096E6739,0xEAEAFF6B,EXMP,EXEMPLAR,missing property: ExemplarType
European cars automata and family props new instances, 0x6534284A,0x096E6739,0xEAEAFF0B,EXMP,EXEMPLAR,missing property: ExemplarType
European cars automata and family props new instances, 0x6534284A,0x096E6739,0xEAEAFF0C,EXMP,EXEMPLAR,missing property: ExemplarType
European cars automata and family props new instances, 0x6534284A,0x096E6739,0xEAEAFF0D,EXMP,EXEMPLAR,missing property: ExemplarType
European cars automata and family props new instances, 0x6534284A,0x096E6739,0xEAEAFF0E,EXMP,EXEMPLAR,missing property: ExemplarType
European cars automata and family props new instances, 0x6534284A,0x096E6739,0xEAEAFF0F,EXMP,EXEMPLAR,missing property: ExemplarType
European cars automata and family props new instances, 0x6534284A,0x096E6739,0xEAEAFF10,EXMP,EXEMPLAR,missing property: ExemplarType
European cars automata and family props new instances, 0x6534284A,0x096E6739,0xEAEAFF11,EXMP,EXEMPLAR,missing property: ExemplarType
European cars automata and family props new instances, 0x6534284A,0x096E6739,0xEAEAFF12,EXMP,EXEMPLAR,missing property: ExemplarType
European cars automata and family props new instances, 0x6534284A,0x096E6739,0xEAEAFF13,EXMP,EXEMPLAR,missing property: ExemplarType
European cars automata and family props new instances, 0x6534284A,0x096E6739,0xEAEAFF19,EXMP,EXEMPLAR,missing property: ExemplarType
European cars automata and family props new instances, 0x6534284A,0x096E6739,0xEAEAFF18,EXMP,EXEMPLAR,missing property: ExemplarType
European cars automata and family props new instances, 0x6534284A,0x096E6739,0xEAEAFF14,EXMP,EXEMPLAR,missing property: ExemplarType
European cars automata and family props new instances, 0x6534284A,0x096E6739,0xEAEAFF15,EXMP,EXEMPLAR,missing property: ExemplarType
European cars automata and family props new instances, 0x6534284A,0x096E6739,0xEAEAFF16,EXMP,EXEMPLAR,missing property: ExemplarType
European cars automata and family props new instances, 0x6534284A,0x096E6739,0xEAEAFF17,EXMP,EXEMPLAR,missing property: ExemplarType
European cars automata and family props new instances, 0x6534284A,0x096E6739,0xEAEAFF20,EXMP,EXEMPLAR,missing property: ExemplarType
European cars automata and family props new instances, 0x6534284A,0x096E6739,0xEAEAFF1F,EXMP,EXEMPLAR,missing property: ExemplarType
European cars automata and family props new instances, 0x6534284A,0x096E6739,0xEAEAFF21,EXMP,EXEMPLAR,missing property: ExemplarType
European cars automata and family props new instances, 0x6534284A,0x096E6739,0xEAEAFF22,EXMP,EXEMPLAR,missing property: ExemplarType
European cars automata and family props new instances, 0x6534284A,0x096E6739,0xEAEAFF23,EXMP,EXEMPLAR,missing property: ExemplarType
European cars automata and family props new instances, 0x6534284A,0x096E6739,0xEAEAFF28,EXMP,EXEMPLAR,missing property: ExemplarType
European cars automata and family props new instances, 0x6534284A,0x096E6739,0xEAEAFF24,EXMP,EXEMPLAR,missing property: ExemplarType
European cars automata and family props new instances, 0x6534284A,0x096E6739,0xEAEAFF25,EXMP,EXEMPLAR,missing property: ExemplarType
European cars automata and family props new instances, 0x6534284A,0x096E6739,0xEAEAFF26,EXMP,EXEMPLAR,missing property: ExemplarType
European cars automata and family props new instances, 0x6534284A,0x096E6739,0xEAEAFF27,EXMP,EXEMPLAR,missing property: ExemplarType
European cars automata and family props new instances, 0x6534284A,0x096E6739,0xEEFF300E,EXMP,EXEMPLAR,missing property: ExemplarType
European cars automata and family props new instances, 0x6534284A,0x096E6739,0xEEFF400E,EXMP,EXEMPLAR,missing property: ExemplarType
European cars automata and family props new instances, 0x6534284A,0x096E6739,0xEEFF500E,EXMP,EXEMPLAR,missing property: ExemplarType
European cars automata and family props new instances, 0x6534284A,0x096E6739,0xEEFF600E,EXMP,EXEMPLAR,missing property: ExemplarType
European cars automata and family props new instances, 0x6534284A,0x096E6739,0xEAEAFF34,EXMP,EXEMPLAR,missing property: ExemplarType
European cars automata and family props new instances, 0x6534284A,0x096E6739,0xEAEAFF35,EXMP,EXEMPLAR,missing property: ExemplarType
European cars automata and family props new instances, 0x6534284A,0x096E6739,0xEAEAFF36,EXMP,EXEMPLAR,missing property: ExemplarType
European cars automata and family props new instances, 0x6534284A,0x096E6739,0xEEFF290E,EXMP,EXEMPLAR,missing property: ExemplarType
European cars automata and family props new instances, 0x6534284A,0x096E6739,0xEAEAFF58,EXMP,EXEMPLAR,missing property: ExemplarType
European cars automata and family props new instances, 0x6534284A,0x096E6739,0xEAEAFF59,EXMP,EXEMPLAR,missing property: ExemplarType
European cars automata and family props new instances, 0x6534284A,0x096E6739,0xEAEAFF5A,EXMP,EXEMPLAR,missing property: ExemplarType
European cars automata and family props new instances, 0x6534284A,0x096E6739,0xEAEAFF5B,EXMP,EXEMPLAR,missing property: ExemplarType
European cars automata and family props new instances, 0x6534284A,0x096E6739,0xEAEAFF3C,EXMP,EXEMPLAR,missing property: ExemplarType
European cars automata and family props new instances, 0x6534284A,0x096E6739,0xEAEAFF3D,EXMP,EXEMPLAR,missing property: ExemplarType
European cars automata and family props new instances, 0x6534284A,0x096E6739,0xEAEAFF3E,EXMP,EXEMPLAR,missing property: ExemplarType
European cars automata and family props new instances, 0x6534284A,0x096E6739,0xEAEAFF3F,EXMP,EXEMPLAR,missing property: ExemplarType
European cars automata and family props new instances, 0x6534284A,0x096E6739,0xEEFF150E,EXMP,EXEMPLAR,missing property: ExemplarType
European cars automata and family props new instances, 0x6534284A,0x096E6739,0xEEFF160E,EXMP,EXEMPLAR,missing property: ExemplarType
European cars automata and family props new instances, 0x6534284A,0x096E6739,0xEEFF170E,EXMP,EXEMPLAR,missing property: ExemplarType
European cars automata and family props new instances, 0x6534284A,0x096E6739,0xEEFF180E,EXMP,EXEMPLAR,missing property: ExemplarType
European cars automata and family props new instances, 0x6534284A,0x096E6739,0xEEFF190E,EXMP,EXEMPLAR,missing property: ExemplarType
European cars automata and family props new instances, 0x6534284A,0x096E6739,0xEAEAFF5C,EXMP,EXEMPLAR,missing property: ExemplarType
European cars automata and family props new instances, 0x6534284A,0x096E6739,0xEAEAFF5D,EXMP,EXEMPLAR,missing property: ExemplarType
European cars automata and family props new instances, 0x6534284A,0x096E6739,0xEAEAFF5E,EXMP,EXEMPLAR,missing property: ExemplarType
European cars automata and family props new instances, 0x6534284A,0x096E6739,0xEAEAFF5F,EXMP,EXEMPLAR,missing property: ExemplarType
European cars automata and family props new instances, 0x6534284A,0x096E6739,0xEAEAFF4C,EXMP,EXEMPLAR,missing property: ExemplarType
European cars automata and family props new instances, 0x6534284A,0x096E6739,0xEAEAFF50,EXMP,EXEMPLAR,missing property: ExemplarType
European cars automata and family props new instances, 0x6534284A,0x096E6739,0xEAEAFF51,EXMP,EXEMPLAR,missing property: ExemplarType
European cars automata and family props new instances, 0x6534284A,0x096E6739,0xEAEAFF52,EXMP,EXEMPLAR,missing property: ExemplarType
European cars automata and family props new instances, 0x6534284A,0x096E6739,0xEEFF250E,EXMP,EXEMPLAR,missing property: ExemplarType
European cars automata and family props new instances, 0x6534284A,0x096E6739,0xEEFF202E,EXMP,EXEMPLAR,missing property: ExemplarType
European cars automata and family props new instances, 0x6534284A,0x096E6739,0xEEFF210E,EXMP,EXEMPLAR,missing property: ExemplarType
European cars automata and family props new instances, 0x6534284A,0x096E6739,0xEEFF220E,EXMP,EXEMPLAR,missing property: ExemplarType
European cars automata and family props new instances, 0x6534284A,0x096E6739,0xEEFF240E,EXMP,EXEMPLAR,missing property: ExemplarType
European cars automata and family props new instances, 0x6534284A,0x096E6739,0xEEFF230E,EXMP,EXEMPLAR,missing property: ExemplarType
European cars automata and family props new instances, 0x6534284A,0x096E6739,0xEEFF110E,EXMP,EXEMPLAR,missing property: ExemplarType
European cars automata and family props new instances, 0x6534284A,0x096E6739,0xEEFF800E,EXMP,EXEMPLAR,missing property: ExemplarType
European cars automata and family props new instances, 0x6534284A,0x096E6739,0xEEFF900E,EXMP,EXEMPLAR,missing property: ExemplarType
European cars automata and family props new instances, 0x6534284A,0x096E6739,0xEEFF120E,EXMP,EXEMPLAR,missing property: ExemplarType
European cars automata and family props new instances, 0x6534284A,0x096E6739,0xEEFF700E,EXMP,EXEMPLAR,missing property: ExemplarType
European cars automata and family props new instances, 0x6534284A,0x096E6739,0xEAEAFF40,EXMP,EXEMPLAR,missing property: ExemplarType
European cars automata and family props new instances, 0x6534284A,0x096E6739,0xEAEAFF41,EXMP,EXEMPLAR,missing property: ExemplarType
European cars automata and family props new instances, 0x6534284A,0x096E6739,0xEAEAFF42,EXMP,EXEMPLAR,missing property: ExemplarType
European cars automata and family props new instances, 0x6534284A,0x096E6739,0xEAEAFF43,EXMP,EXEMPLAR,missing property: ExemplarType
European cars automata and family props new instances, 0x6534284A,0x096E6739,0xEAEAFF53,EXMP,EXEMPLAR,missing property: ExemplarType
European cars automata and family props new instances, 0x6534284A,0x096E6739,0xEAEAFF54,EXMP,EXEMPLAR,missing property: ExemplarType
European cars automata and family props new instances, 0x6534284A,0x096E6739,0xEAEAFF55,EXMP,EXEMPLAR,missing property: ExemplarType
European cars automata and family props new instances, 0x6534284A,0x096E6739,0xEAEAFF56,EXMP,EXEMPLAR,missing property: ExemplarType
European cars automata and family props new instances, 0x6534284A,0x096E6739,0xEAEAFF57,EXMP,EXEMPLAR,missing property: ExemplarType
European Props, 0x6534284A,0x07BDDF1C,0xCCA75DEB,EXMP,EXEMPLAR,missing property: ExemplarType
European Props, 0x6534284A,0x07BDDF1C,0xCCA75DF3,EXMP,EXEMPLAR,missing property: ExemplarType
IPS Prop Pack, 0x6534284A,0x07BDDF1C,0x52E9FE55,EXMP,EXEMPLAR,missing property: ExemplarType
IPS Prop Pack, 0x6534284A,0x07BDDF1C,0xF2ECB927,EXMP,EXEMPLAR,missing property: ExemplarType
ivo_textures.dat,,,,,,Unable to read DBPF file. Format unknown.
JLY High-Definition Flags - Anglosphere .dat,,,,,,Unable to read DBPF file. Format unknown.
METMW Prop Pack Alpha, 0x6534284A,0x07BDDF1C,0x007AE153,EXMP,EXEMPLAR,missing property: ExemplarType
METMW Prop Pack Alpha, 0x6534284A,0x07BDDF1C,0x41867FC4,EXMP,EXEMPLAR,missing property: ExemplarType
METMW Prop Pack Alpha, 0x6534284A,0x07BDDF1C,0x21BCAEB1,EXMP,EXEMPLAR,missing property: ExemplarType
METMW Prop Pack Alpha, 0x6534284A,0x07BDDF1C,0xA1BD424F,EXMP,EXEMPLAR,missing property: ExemplarType
METMW Prop Pack Alpha, 0x6534284A,0x07BDDF1C,0x41BCC692,EXMP,EXEMPLAR,missing property: ExemplarType
METMW Prop Pack Alpha, 0x6534284A,0x07BDDF1C,0x7FA3FE66,EXMP,EXEMPLAR,missing property: ExemplarType
METMW Prop Pack Alpha, 0x6534284A,0x07BDDF1C,0x7FA3FD77,EXMP,EXEMPLAR,missing property: ExemplarType
METMW Prop Pack Alpha, 0x6534284A,0x07BDDF1C,0xDFA3FD67,EXMP,EXEMPLAR,missing property: ExemplarType
METMW Prop Pack Alpha, 0x6534284A,0x07BDDF1C,0x3FA3FDE4,EXMP,EXEMPLAR,missing property: ExemplarType
METMW Prop Pack Alpha, 0x6534284A,0x07BDDF1C,0x9FA3FCBC,EXMP,EXEMPLAR,missing property: ExemplarType
MUTCD US Highway Signs Pack, 0x6534284A,0x07BDDF1C,0xA88DD30D,EXMP,EXEMPLAR,missing property: ExemplarType
MUTCD US Highway Signs Pack, 0x6534284A,0x07BDDF1C,0x08C9680B,EXMP,EXEMPLAR,missing property: ExemplarType
MUTCD US Highway Signs Pack, 0x6534284A,0x07BDDF1C,0x88F1BD20,EXMP,EXEMPLAR,missing property: ExemplarType
MUTCD US Highway Signs Pack, 0x6534284A,0x07BDDF1C,0xC8F2CC1D,EXMP,EXEMPLAR,missing property: ExemplarType
MUTCD US Highway Signs Pack, 0x6534284A,0x07BDDF1C,0xC8F2D1A5,EXMP,EXEMPLAR,missing property: ExemplarType
MUTCD US Highway Signs Pack, 0x6534284A,0x07BDDF1C,0xC8F2CC4D,EXMP,EXEMPLAR,missing property: ExemplarType
MUTCD US Highway Signs Pack, 0x6534284A,0x07BDDF1C,0x8868FACB,EXMP,EXEMPLAR,missing property: ExemplarType
MUTCD US Highway Signs Pack, 0x6534284A,0x07BDDF1C,0x688DD1E7,EXMP,EXEMPLAR,missing property: ExemplarType
MUTCD US Highway Signs Pack, 0x6534284A,0x07BDDF1C,0x88A91DD4,EXMP,EXEMPLAR,missing property: ExemplarType
MUTCD US Highway Signs Pack, 0x6534284A,0x07BDDF1C,0x08A91E7E,EXMP,EXEMPLAR,missing property: ExemplarType
MUTCD US Highway Signs Pack, 0x6534284A,0x07BDDF1C,0x2A5638AC,EXMP,EXEMPLAR,missing property: ExemplarType
MUTCD US Highway Signs Pack, 0x6534284A,0x07BDDF1C,0x8A577798,EXMP,EXEMPLAR,missing property: ExemplarType
MUTCD US Highway Signs Pack, 0x6534284A,0x07BDDF1C,0xAA56390E,EXMP,EXEMPLAR,missing property: ExemplarType
MUTCD US Highway Signs Pack, 0x6534284A,0x07BDDF1C,0x6A563932,EXMP,EXEMPLAR,missing property: ExemplarType
MUTCD US Highway Signs Pack, 0x6534284A,0x07BDDF1C,0xEA57776A,EXMP,EXEMPLAR,missing property: ExemplarType
MUTCD US Highway Signs Pack, 0x6534284A,0x07BDDF1C,0xA8934308,EXMP,EXEMPLAR,missing property: ExemplarType
MUTCD US Highway Signs Pack, 0x6534284A,0x07BDDF1C,0x2A58FF02,EXMP,EXEMPLAR,missing property: ExemplarType
MUTCD US Highway Signs Pack, 0x6534284A,0x07BDDF1C,0xC8C96954,EXMP,EXEMPLAR,missing property: ExemplarType
MUTCD US Highway Signs Pack, 0x6534284A,0x07BDDF1C,0x688DD247,EXMP,EXEMPLAR,missing property: ExemplarType
MUTCD US Highway Signs Pack, 0x6534284A,0x07BDDF1C,0x88C9691A,EXMP,EXEMPLAR,missing property: ExemplarType
MUTCD US Highway Signs Pack, 0x6534284A,0x07BDDF1C,0x68C9688C,EXMP,EXEMPLAR,missing property: ExemplarType
MUTCD US Highway Signs Pack, 0x6534284A,0x07BDDF1C,0xE8C967E7,EXMP,EXEMPLAR,missing property: ExemplarType
MUTCD US Highway Signs Pack, 0x6534284A,0x07BDDF1C,0x88A92254,EXMP,EXEMPLAR,missing property: ExemplarType
MUTCD US Highway Signs Pack, 0x6534284A,0x07BDDF1C,0x88A9227E,EXMP,EXEMPLAR,missing property: ExemplarType
MUTCD US Highway Signs Pack, 0x6534284A,0x07BDDF1C,0xA8C9686B,EXMP,EXEMPLAR,missing property: ExemplarType
MUTCD US Highway Signs Pack, 0x6534284A,0x07BDDF1C,0xA8A92353,EXMP,EXEMPLAR,missing property: ExemplarType
MUTCD US Highway Signs Pack, 0x6534284A,0x07BDDF1C,0xC8A922E4,EXMP,EXEMPLAR,missing property: ExemplarType
MUTCD US Highway Signs Pack, 0x6534284A,0x07BDDF1C,0x88934366,EXMP,EXEMPLAR,missing property: ExemplarType
MUTCD US Highway Signs Pack, 0x6534284A,0x07BDDF1C,0x28C96831,EXMP,EXEMPLAR,missing property: ExemplarType
MUTCD US Highway Signs Pack, 0x6534284A,0x07BDDF1C,0x08C968C7,EXMP,EXEMPLAR,missing property: ExemplarType
MUTCD US Highway Signs Pack, 0x6534284A,0x07BDDF1C,0xC88DC929,EXMP,EXEMPLAR,missing property: ExemplarType
MUTCD US Highway Signs Pack, 0x6534284A,0x07BDDF1C,0xE891F200,EXMP,EXEMPLAR,missing property: ExemplarType
MUTCD US Highway Signs Pack, 0x6534284A,0x07BDDF1C,0xC88DCEF0,EXMP,EXEMPLAR,missing property: ExemplarType
MUTCD US Highway Signs Pack, 0x6534284A,0x07BDDF1C,0x088DCF18,EXMP,EXEMPLAR,missing property: ExemplarType
MUTCD US Highway Signs Pack, 0x6534284A,0x07BDDF1C,0xA88DCF31,EXMP,EXEMPLAR,missing property: ExemplarType
MUTCD US Highway Signs Pack, 0x6534284A,0x07BDDF1C,0x488DCF54,EXMP,EXEMPLAR,missing property: ExemplarType
MUTCD US Highway Signs Pack, 0x6534284A,0x07BDDF1C,0x28C96579,EXMP,EXEMPLAR,missing property: ExemplarType
MUTCD US Highway Signs Pack, 0x6534284A,0x07BDDF1C,0x68A92386,EXMP,EXEMPLAR,missing property: ExemplarType
MUTCD US Highway Signs Pack, 0x6534284A,0x07BDDF1C,0xC8A91CAC,EXMP,EXEMPLAR,missing property: ExemplarType
MUTCD US Highway Signs Pack, 0x6534284A,0x07BDDF1C,0xC8934215,EXMP,EXEMPLAR,missing property: ExemplarType
MUTCD US Highway Signs Pack, 0x6534284A,0x07BDDF1C,0x48934237,EXMP,EXEMPLAR,missing property: ExemplarType
MUTCD US Highway Signs Pack, 0x6534284A,0x07BDDF1C,0x089342A9,EXMP,EXEMPLAR,missing property: ExemplarType
MUTCD US Highway Signs Pack, 0x6534284A,0x07BDDF1C,0xE8C967CB,EXMP,EXEMPLAR,missing property: ExemplarType
MUTCD US Highway Signs Pack, 0x6534284A,0x07BDDF1C,0xA893439D,EXMP,EXEMPLAR,missing property: ExemplarType
MUTCD US Highway Signs Pack, 0x6534284A,0x07BDDF1C,0xCA58FED9,EXMP,EXEMPLAR,missing property: ExemplarType
MUTCD US Highway Signs Pack, 0x6534284A,0x07BDDF1C,0xCA590A44,EXMP,EXEMPLAR,missing property: ExemplarType
MUTCD US Highway Signs Pack, 0x6534284A,0x07BDDF1C,0x68F41C50,EXMP,EXEMPLAR,missing property: ExemplarType
MUTCD US Highway Signs Pack, 0x6534284A,0x07BDDF1C,0x28F41C2B,EXMP,EXEMPLAR,missing property: ExemplarType
MUTCD US Highway Signs Pack, 0x6534284A,0x07BDDF1C,0xE8A923ED,EXMP,EXEMPLAR,missing property: ExemplarType
MUTCD US Highway Signs Pack, 0x6534284A,0x07BDDF1C,0xA89342D0,EXMP,EXEMPLAR,missing property: ExemplarType
MUTCD US Highway Signs Pack, 0x6534284A,0x07BDDF1C,0x08A923C3,EXMP,EXEMPLAR,missing property: ExemplarType
NDEX ITS MEGA Props Vol01, 0x6534284A,0xB263C71D,0x33998CDD,EXMP,EXEMPLAR,missing property: ExemplarType
Outdoor Set V1, 0x6534284A,0x07BDDF1C,0xCDF75BF1,EXMP,EXEMPLAR,missing property: ExemplarType
Outdoor Set V1, 0x6534284A,0x07BDDF1C,0x8DF75C8E,EXMP,EXEMPLAR,missing property: ExemplarType
Outdoor Set V1, 0x6534284A,0x07BDDF1C,0xCDF76901,EXMP,EXEMPLAR,missing property: ExemplarType
Outdoor Set V1, 0x6534284A,0x07BDDF1C,0xCDF76A09,EXMP,EXEMPLAR,missing property: ExemplarType
PEG CDK3 SP SEAPORT SUPER PAK, 0x6534284A,0x07BDDF1C,0x74FBB2DF,EXMP,EXEMPLAR,missing property: ExemplarType
PEG CDK3 SP SEAPORT SUPER PAK, 0x6534284A,0x07BDDF1C,0x14FD4C4C,EXMP,EXEMPLAR,missing property: ExemplarType
PEG CDK3 SP SEAPORT SUPER PAK, 0x6534284A,0x07BDDF1C,0x94E1CCBC,EXMP,EXEMPLAR,missing property: ExemplarType
PEG CDK3 SP SEAPORT SUPER PAK, 0x6534284A,0x07BDDF1C,0x54FBAEF9,EXMP,EXEMPLAR,missing property: ExemplarType
PEG CDK3 SP SEAPORT SUPER PAK, 0x6534284A,0x07BDDF1C,0x94FBB176,EXMP,EXEMPLAR,missing property: ExemplarType
PEG CDK3 SUPER PAK, 0x6534284A,0x07BDDF1C,0x7251DCEC,EXMP,EXEMPLAR,missing property: ExemplarType
PEG CDK3 SUPER PAK, 0x6534284A,0x07BDDF1C,0x92526C2F,EXMP,EXEMPLAR,missing property: ExemplarType
PEG CDK3 SUPER PAK, 0x6534284A,0x07BDDF1C,0x9252018C,EXMP,EXEMPLAR,missing property: ExemplarType
PEG CDK3 SUPER PAK, 0x6534284A,0x07BDDF1C,0xD2533DB5,EXMP,EXEMPLAR,missing property: ExemplarType
PEG CDK3 SUPER PAK, 0x6534284A,0x07BDDF1C,0x925512D4,EXMP,EXEMPLAR,missing property: ExemplarType
PEG SPAM Super Resource Pack, 0x6534284A,0xA7BDDF17,0x073DC000,EXMP,EXEMPLAR,missing property: ExemplarType
PEG SPAM Super Resource Pack, 0x6534284A,0xA7BDDF17,0x073DC001,EXMP,EXEMPLAR,missing property: ExemplarType
PEG SPAM Super Resource Pack, 0x6534284A,0xA7BDDF17,0x073DC002,EXMP,EXEMPLAR,missing property: ExemplarType
PEG SPAM Super Resource Pack, 0x6534284A,0xA7BDDF17,0x073DC003,EXMP,EXEMPLAR,missing property: ExemplarType
PEG SPAM Super Resource Pack, 0x6534284A,0xA7BDDF17,0x073DC004,EXMP,EXEMPLAR,missing property: ExemplarType
PEG SPAM Super Resource Pack, 0x6534284A,0xA7BDDF17,0x073DC005,EXMP,EXEMPLAR,missing property: ExemplarType
PEG SPAM Super Resource Pack, 0x6534284A,0xA7BDDF17,0x073DC006,EXMP,EXEMPLAR,missing property: ExemplarType
PEG SPAM Super Resource Pack, 0x6534284A,0xA7BDDF17,0x073DC007,EXMP,EXEMPLAR,missing property: ExemplarType
PEG SPAM Super Resource Pack, 0x6534284A,0xA7BDDF17,0x073DC008,EXMP,EXEMPLAR,missing property: ExemplarType
PEG SPAM Super Resource Pack, 0x6534284A,0xA7BDDF17,0x073DC009,EXMP,EXEMPLAR,missing property: ExemplarType
PEG SPAM Super Resource Pack, 0x6534284A,0xA7BDDF17,0x073DC00A,EXMP,EXEMPLAR,missing property: ExemplarType
PEG SPAM Super Resource Pack, 0x6534284A,0xA7BDDF17,0x073DC00B,EXMP,EXEMPLAR,missing property: ExemplarType
PEG SPAM Super Resource Pack, 0x6534284A,0xA7BDDF17,0x073DC00C,EXMP,EXEMPLAR,missing property: ExemplarType
PEG SPAM Super Resource Pack, 0x6534284A,0xA7BDDF17,0x073DC00D,EXMP,EXEMPLAR,missing property: ExemplarType
PEG SPAM Super Resource Pack, 0x6534284A,0xA7BDDF17,0x073DC00E,EXMP,EXEMPLAR,missing property: ExemplarType
PEG SPAM Super Resource Pack, 0x6534284A,0xA7BDDF17,0x073DC00F,EXMP,EXEMPLAR,missing property: ExemplarType
PEG SPAM Super Resource Pack, 0x6534284A,0xA7BDDF17,0x073DC010,EXMP,EXEMPLAR,missing property: ExemplarType
SCAG Cessna 208 Pack 1, 0x6534284A,0xA7BDDF17,0x365A7657,EXMP,EXEMPLAR,missing property: ExemplarType
SCAG Cessna 208 Pack 1, 0x6534284A,0xA7BDDF17,0xB65A7675,EXMP,EXEMPLAR,missing property: ExemplarType
SCAG Cessna 208 Pack 1, 0x6534284A,0xA7BDDF17,0x965A7691,EXMP,EXEMPLAR,missing property: ExemplarType
SCAG Cessna 208 Pack 1, 0x6534284A,0xA7BDDF17,0xD65A760A,EXMP,EXEMPLAR,missing property: ExemplarType
SCAG Cessna 208 Pack 1, 0x6534284A,0xA7BDDF17,0x565A7633,EXMP,EXEMPLAR,missing property: ExemplarType
SCAG Cessna 208 Pack 1, 0x6534284A,0xA7BDDF17,0x165AE0D8,EXMP,EXEMPLAR,missing property: ExemplarType
SCAG Cessna 208 Pack 1, 0x6534284A,0xA7BDDF17,0x365AE0FE,EXMP,EXEMPLAR,missing property: ExemplarType
SCAG Cessna 208 Pack 1, 0x6534284A,0xA7BDDF17,0x765A76C3,EXMP,EXEMPLAR,missing property: ExemplarType
SCAG Cessna 208 Pack 1, 0x6534284A,0xA7BDDF17,0xD65A76E2,EXMP,EXEMPLAR,missing property: ExemplarType
SCAG Cessna 208 Pack 1, 0x6534284A,0xA7BDDF17,0x365A76FE,EXMP,EXEMPLAR,missing property: ExemplarType
SCAG Cessna 208 Pack 1, 0x6534284A,0xA7BDDF17,0x765A771D,EXMP,EXEMPLAR,missing property: ExemplarType
SCAG Cessna 208 Pack 1, 0x6534284A,0xA7BDDF17,0x565A7739,EXMP,EXEMPLAR,missing property: ExemplarType
SCAG Learjet 45 Pack 1, 0x6534284A,0xA7BDDF17,0x16D42636,EXMP,EXEMPLAR,missing property: ExemplarType
SCAG Learjet 45 Pack 1, 0x6534284A,0xA7BDDF17,0x76D4288E,EXMP,EXEMPLAR,missing property: ExemplarType
SCAG Learjet 45 Pack 1, 0x6534284A,0xA7BDDF17,0x16D42670,EXMP,EXEMPLAR,missing property: ExemplarType
SCAG Learjet 45 Pack 1, 0x6534284A,0xA7BDDF17,0x16D428A7,EXMP,EXEMPLAR,missing property: ExemplarType
SCAG Learjet 45 Pack 1, 0x6534284A,0xA7BDDF17,0x16D42698,EXMP,EXEMPLAR,missing property: ExemplarType
SCAG Learjet 45 Pack 1, 0x6534284A,0xA7BDDF17,0xB6D428F6,EXMP,EXEMPLAR,missing property: ExemplarType
SCAG Learjet 45 Pack 1, 0x6534284A,0xA7BDDF17,0x96D426B5,EXMP,EXEMPLAR,missing property: ExemplarType
SCAG Learjet 45 Pack 1, 0x6534284A,0xA7BDDF17,0xD6D4291F,EXMP,EXEMPLAR,missing property: ExemplarType
SCAG Learjet 45 Pack 1, 0x6534284A,0xA7BDDF17,0xF6D426F0,EXMP,EXEMPLAR,missing property: ExemplarType
SCAG Learjet 45 Pack 1, 0x6534284A,0xA7BDDF17,0x16D4293F,EXMP,EXEMPLAR,missing property: ExemplarType
SCAG Learjet 45 Pack 1, 0x6534284A,0xA7BDDF17,0x16D427CC,EXMP,EXEMPLAR,missing property: ExemplarType
SCAG Learjet 45 Pack 1, 0x6534284A,0xA7BDDF17,0x56D4285B,EXMP,EXEMPLAR,missing property: ExemplarType
SCAG Learjet 45 Pack 1, 0x6534284A,0xA7BDDF17,0xF6D427F4,EXMP,EXEMPLAR,missing property: ExemplarType
SCAG Learjet 45 Pack 1, 0x6534284A,0xA7BDDF17,0x76D42826,EXMP,EXEMPLAR,missing property: ExemplarType
SCAG Learjet 45 Pack 1, 0x6534284A,0xA7BDDF17,0x76D4278B,EXMP,EXEMPLAR,missing property: ExemplarType
SCAG Learjet 45 Pack 1, 0x6534284A,0xA7BDDF17,0x56D42967,EXMP,EXEMPLAR,missing property: ExemplarType
SCAG Learjet 45 Pack 1, 0x6534284A,0xA7BDDF17,0x16D42761,EXMP,EXEMPLAR,missing property: ExemplarType
SCAG Learjet 45 Pack 1, 0x6534284A,0xA7BDDF17,0x96D42985,EXMP,EXEMPLAR,missing property: ExemplarType
SCAG Learjet 45 Pack 1, 0x6534284A,0xA7BDDF17,0x56D95AFC,EXMP,EXEMPLAR,missing property: ExemplarType
SCAG Learjet 45 Pack 1, 0x6534284A,0xA7BDDF17,0x16D95D5C,EXMP,EXEMPLAR,missing property: ExemplarType
SCAG Learjet 45 Pack 1, 0x6534284A,0xA7BDDF17,0xB6D95B4D,EXMP,EXEMPLAR,missing property: ExemplarType
SCAG Learjet 45 Pack 1, 0x6534284A,0xA7BDDF17,0xB6D95D7C,EXMP,EXEMPLAR,missing property: ExemplarType
SCAG Learjet 45 Pack 1, 0x6534284A,0xA7BDDF17,0xD6D95B70,EXMP,EXEMPLAR,missing property: ExemplarType
SCAG Learjet 45 Pack 1, 0x6534284A,0xA7BDDF17,0x36D95D99,EXMP,EXEMPLAR,missing property: ExemplarType
SCAG Learjet 45 Pack 1, 0x6534284A,0xA7BDDF17,0x76D95B90,EXMP,EXEMPLAR,missing property: ExemplarType
SCAG Learjet 45 Pack 1, 0x6534284A,0xA7BDDF17,0x96D95DB8,EXMP,EXEMPLAR,missing property: ExemplarType
SCAG Learjet 45 Pack 1, 0x6534284A,0xA7BDDF17,0x36D95BCA,EXMP,EXEMPLAR,missing property: ExemplarType
SCAG Learjet 45 Pack 1, 0x6534284A,0xA7BDDF17,0x36D95DE3,EXMP,EXEMPLAR,missing property: ExemplarType
SCAG Learjet 45 Pack 1, 0x6534284A,0xA7BDDF17,0xB6D95BEE,EXMP,EXEMPLAR,missing property: ExemplarType
SCAG Learjet 45 Pack 1, 0x6534284A,0xA7BDDF17,0x16D95CDE,EXMP,EXEMPLAR,missing property: ExemplarType
SCAG Learjet 45 Pack 1, 0x6534284A,0xA7BDDF17,0x76D95C0B,EXMP,EXEMPLAR,missing property: ExemplarType
SCAG Learjet 45 Pack 1, 0x6534284A,0xA7BDDF17,0x56D95CFD,EXMP,EXEMPLAR,missing property: ExemplarType
SCAG Learjet 45 Pack 1, 0x6534284A,0xA7BDDF17,0x36D95C56,EXMP,EXEMPLAR,missing property: ExemplarType
SCAG Learjet 45 Pack 1, 0x6534284A,0xA7BDDF17,0x16D95E40,EXMP,EXEMPLAR,missing property: ExemplarType
SCAG Learjet 45 Pack 1, 0x6534284A,0xA7BDDF17,0xF6D95C96,EXMP,EXEMPLAR,missing property: ExemplarType
SCAG Learjet 45 Pack 1, 0x6534284A,0xA7BDDF17,0xD6D95E0A,EXMP,EXEMPLAR,missing property: ExemplarType
SG_Models_Hotels1 v2, 0x6534284A,0x096E6739,0xA387E013,EXMP,EXEMPLAR,missing property: ExemplarType
SG_Models_Hotels1 v2, 0x6534284A,0x096E6739,0xA387E01D,EXMP,EXEMPLAR,missing property: ExemplarType
SG_Models_Hotels1 v2, 0x6534284A,0x096E6739,0xA387E01E,EXMP,EXEMPLAR,missing property: ExemplarType
SG_Models_Hotels1 v2, 0x6534284A,0x096E6739,0xA387E00D,EXMP,EXEMPLAR,missing property: ExemplarType
SG_Models_Hotels1 v2, 0x6534284A,0x096E6739,0xA387E01B,EXMP,EXEMPLAR,missing property: ExemplarType
SG_Models_Hotels1 v2, 0x6534284A,0x096E6739,0xA387E01C,EXMP,EXEMPLAR,missing property: ExemplarType
SG_Models_Hotels2 v2, 0x6534284A,0x096E6739,0xA387E010,EXMP,EXEMPLAR,missing property: ExemplarType
SG_Models_Hotels2 v2, 0x6534284A,0x096E6739,0xA387E011,EXMP,EXEMPLAR,missing property: ExemplarType
SG_Models_Hotels2 v2, 0x6534284A,0x096E6739,0xA387E016,EXMP,EXEMPLAR,missing property: ExemplarType
SG_Models_Hotels2 v2, 0x6534284A,0x096E6739,0xA387E012,EXMP,EXEMPLAR,missing property: ExemplarType
SG_Models_Hotels2 v2, 0x6534284A,0x096E6739,0xA387E00F,EXMP,EXEMPLAR,missing property: ExemplarType
SG_Models_Hotels2 v2, 0x6534284A,0x096E6739,0xA387E01F,EXMP,EXEMPLAR,missing property: ExemplarType
SG_Models_Motels, 0x6534284A,0x096E6739,0xA387E015,EXMP,EXEMPLAR,missing property: ExemplarType
Shmails Cabbage Props 1, 0x6534284A,0x07BDDF1C,0xAE1512FA,EXMP,EXEMPLAR,missing property: ExemplarType
Shmails Houseboat Prop Pack, 0x6534284A,0x07BDDF1C,0x6DDD7B2D,EXMP,EXEMPLAR,missing property: ExemplarType
Shmails Windmill and Obsevatory Props, 0x6534284A,0x07BDDF1C,0x0E1E290F,EXMP,EXEMPLAR,missing property: ExemplarType
SM_Mars_Props1, 0x6534284A,0x07BDDF1C,0x4E273D51,EXMP,EXEMPLAR,missing property: ExemplarType
Vortexture 2 - Grass and Dirt v2.dat,,,,,,Unable to read DBPF file. Format unknown.
WW2 Fortification Prop Set United Kingdom, 0x6534284A,0x07BDDF1C,0xB0BDD3F9,EXMP,EXEMPLAR,missing property: ExemplarType
